prodcode,productname,ingredient,bnftext,routeofadministration,dmdcode,therapyevents,bnfchapter,emo,top_cs,tcal,oral_cs,aza,metho,cic,myco,potency,injection,new202007
30932,methotrexate 5mg/0.2ml solution for injection pre-filled syringes,methotrexate sodium,antimetabolites/drugs affecting the immune response in rheumatic disease/drugs affecting the immune response for eczema and psoriasis,intramuscular/intrathecal/intraarterial/intravenous,9469411000001104,89,08010300/10010302/13050300,NA,NA,NA,NA,NA,1,NA,NA,NA,NA,NA
77028,methotrexate 50mg/2ml solution for injection pre-filled syringes,methotrexate sodium,antimetabolites/drugs affecting the immune response in rheumatic disease/drugs affecting the immune response for eczema and psoriasis,intramuscular/intravenous/intraarterial/intrathecal,9469311000001106,17,08010300/10010302/13050300,NA,NA,NA,NA,NA,1,NA,NA,NA,NA,NA
27642,methotrexate 27.5mg/1.1ml solution for injection pre-filled syringes,methotrexate sodium,antimetabolites/drugs affecting the immune response in rheumatic disease/drugs affecting the immune response for eczema and psoriasis,intraarterial/intravenous/intramuscular/intrathecal,9468911000001104,77,08010300/10010302/13050300,NA,NA,NA,NA,NA,1,NA,NA,NA,NA,NA
30703,methotrexate 30mg/1.2ml solution for injection pre-filled syringes,methotrexate sodium,antimetabolites/drugs affecting the immune response in rheumatic disease/drugs affecting the immune response for eczema and psoriasis,intramuscular/intravenous/intraarterial/intrathecal,9469011000001108,2,08010300/10010302/13050300,NA,NA,NA,NA,NA,1,NA,NA,NA,NA,NA
27289,myfortic 360mg gastro-resistant tablets (novartis pharmaceuticals uk ltd),mycophenolate sodium,antiproliferative immunosuppressants,oral,8077811000001106,7454,08020100,NA,NA,NA,NA,NA,NA,NA,1,NA,NA,NA
53255,mycophenolate mofetil 250mg capsules (sigma pharmaceuticals plc),mycophenolate mofetil,antiproliferative immunosuppressants,oral,18728911e9,7,08020100,NA,NA,NA,NA,NA,NA,NA,1,NA,NA,NA
76363,mycophenolate mofetil 100mg/5ml oral suspension,mycophenolate mofetil,antiproliferative immunosuppressants,oral,13000311e9,3,08020100,NA,NA,NA,NA,NA,NA,NA,1,NA,NA,NA
76033,ceptava 180mg gastro-resistant tablets (sandoz ltd),mycophenolate sodium,antiproliferative immunosuppressants,oral,34809211e9,30,08020100,NA,NA,NA,NA,NA,NA,NA,1,NA,NA,NA
45043,myfenax 500mg tablets (teva uk ltd),mycophenolate mofetil,antiproliferative immunosuppressants,oral,18163911e9,2337,08020100,NA,NA,NA,NA,NA,NA,NA,1,NA,NA,NA
75556,mycophenolate mofetil 250mg capsules (accord healthcare ltd),mycophenolate mofetil,antiproliferative immunosuppressants,oral,18464211e9,6,08020100,NA,NA,NA,NA,NA,NA,NA,1,NA,NA,NA
4438,mycophenolate mofetil 250mg capsules,mycophenolate mofetil,antiproliferative immunosuppressants,oral,327104000,65887,08020100,NA,NA,NA,NA,NA,NA,NA,1,NA,NA,NA
52488,cellcept 250mg capsules (lexon (uk) ltd),mycophenolate mofetil,antiproliferative immunosuppressants,oral,19867411e9,1,08020100,NA,NA,NA,NA,NA,NA,NA,1,NA,NA,NA
57272,mycophenolate mofetil 125mg/5ml oral suspension,mycophenolate mofetil,antiproliferative immunosuppressants,oral,13000411e9,1,08020100,NA,NA,NA,NA,NA,NA,NA,1,NA,NA,NA
47746,mycophenolate motefil 500mg tablets (wockhardt uk ltd),mycophenolate mofetil,antiproliferative immunosuppressants,oral,19429811e9,336,08020100,NA,NA,NA,NA,NA,NA,NA,1,NA,NA,NA
4230,mycophenolate mofetil 500mg tablets,mycophenolate mofetil,antiproliferative immunosuppressants,oral,327106003,199962,08020100,NA,NA,NA,NA,NA,NA,NA,1,NA,NA,NA
74812,imuran 25mg tablets (stephar (u.k.) ltd),azathioprine,antiproliferative immunosuppressants,oral,16547711e9,46,08020100,NA,NA,NA,NA,1,NA,NA,NA,NA,NA,NA
29340,azathioprine 50mg tablets (ivax pharmaceuticals uk ltd),azathioprine,antiproliferative immunosuppressants,oral,178511000001107,875,08020100,NA,NA,NA,NA,1,NA,NA,NA,NA,NA,NA
50669,mycophenolate motefil 500mg tablets (sandoz ltd),mycophenolate mofetil,antiproliferative immunosuppressants,oral,20312211e9,675,08020100,NA,NA,NA,NA,NA,NA,NA,1,NA,NA,NA
21899,immunoprin 50mg tablets (ashbourne pharmaceuticals ltd),azathioprine,antiproliferative immunosuppressants,oral,318611000001108,2102,08020100,NA,NA,NA,NA,1,NA,NA,NA,NA,NA,NA
45489,myfenax 250mg capsules (teva uk ltd),mycophenolate mofetil,antiproliferative immunosuppressants,oral,18164111e9,378,08020100,NA,NA,NA,NA,NA,NA,NA,1,NA,NA,NA
26097,mycophenolic acid 360mg gastro-resistant tablets,mycophenolate sodium,antiproliferative immunosuppressants,oral,8077011000001100,5151,08020100,NA,NA,NA,NA,NA,NA,NA,1,NA,NA,NA
16879,mycophenolate mofetil 1g/5ml oral suspension sugar free,mycophenolate mofetil,antiproliferative immunosuppressants,gastroenteral/oral,4897811000001103,4988,08020100,NA,NA,NA,NA,NA,NA,NA,1,NA,NA,NA
53797,azathioprine 50mg tablets (arrow generics ltd),azathioprine,antiproliferative immunosuppressants,oral,13386711e9,7,08020100,NA,NA,NA,NA,1,NA,NA,NA,NA,NA,NA
35301,mycophenolic acid 180mg gastro-resistant tablets,mycophenolate sodium,antiproliferative immunosuppressants,oral,8076911000001104,1796,08020100,NA,NA,NA,NA,NA,NA,NA,1,NA,NA,NA
21732,cellcept 1g/5ml oral suspension (roche products ltd),mycophenolate mofetil,antiproliferative immunosuppressants,gastroenteral/oral,4881311000001100,456,08020100,NA,NA,NA,NA,NA,NA,NA,1,NA,NA,NA
16919,cellcept 250mg capsules (roche products ltd),mycophenolate mofetil,antiproliferative immunosuppressants,oral,3659911000001102,10857,08020100,NA,NA,NA,NA,NA,NA,NA,1,NA,NA,NA
80765,mycophenolate mofetil 500mg tablets (tillomed laboratories ltd),mycophenolate mofetil,antiproliferative immunosuppressants,oral,35725211e9,0,08020100,NA,NA,NA,NA,NA,NA,NA,1,NA,NA,NA
60231,mycophenolate mofetil 250mg capsules (a a h pharmaceuticals ltd),mycophenolate mofetil,antiproliferative immunosuppressants,oral,18310411e9,5,08020100,NA,NA,NA,NA,NA,NA,NA,1,NA,NA,NA
54317,mycophenolate mofetil 250mg capsules (sandoz ltd),mycophenolate mofetil,antiproliferative immunosuppressants,oral,20312011e9,0,08020100,NA,NA,NA,NA,NA,NA,NA,1,NA,NA,NA
74350,ceptava 360mg gastro-resistant tablets (sandoz ltd),mycophenolate sodium,antiproliferative immunosuppressants,oral,34809411e9,277,08020100,NA,NA,NA,NA,NA,NA,NA,1,NA,NA,NA
57593,cellcept 500mg tablets (waymade healthcare plc),mycophenolate mofetil,antiproliferative immunosuppressants,oral,5347711000001106,2,08020100,NA,NA,NA,NA,NA,NA,NA,1,NA,NA,NA
18804,cellcept 500mg tablets (roche products ltd),mycophenolate mofetil,antiproliferative immunosuppressants,oral,3661611000001102,29813,08020100,NA,NA,NA,NA,NA,NA,NA,1,NA,NA,NA
45393,arzip 500mg tablets (zentiva),mycophenolate mofetil,antiproliferative immunosuppressants,oral,18166711e9,8,08020100,NA,NA,NA,NA,NA,NA,NA,1,NA,NA,NA
71049,mycophenolate mofetil 250mg capsules (cubic pharmaceuticals ltd),mycophenolate mofetil,antiproliferative immunosuppressants,oral,21842611e9,0,08020100,NA,NA,NA,NA,NA,NA,NA,1,NA,NA,NA
47789,arzip 250mg capsules (zentiva),mycophenolate mofetil,antiproliferative immunosuppressants,oral,18166911e9,4,08020100,NA,NA,NA,NA,NA,NA,NA,1,NA,NA,NA
27290,myfortic 180mg gastro-resistant tablets (novartis pharmaceuticals uk ltd),mycophenolate sodium,antiproliferative immunosuppressants,oral,8077511000001108,1805,08020100,NA,NA,NA,NA,NA,NA,NA,1,NA,NA,NA
58530,mycophenolate mofetil 500mg tablets (sigma pharmaceuticals plc),mycophenolate mofetil,antiproliferative immunosuppressants,oral,18730111e9,6,08020100,NA,NA,NA,NA,NA,NA,NA,1,NA,NA,NA
47471,capsorin 25mg capsules (morningside healthcare ltd),ciclosporin,corticosteroids and other immunosuppressants/drugs affecting the immune response in rheumatic disease/drugs affecting the immune response for eczema and psoriasis,oral,19377311e9,411,08020200/10010302/13050300,NA,NA,NA,NA,NA,NA,1,NA,NA,NA,NA
59250,ciclosporin 100mg capsules (colorama pharmaceuticals ltd),ciclosporin,corticosteroids and other immunosuppressants/drugs affecting the immune response in rheumatic disease/drugs affecting the immune response for eczema and psoriasis,oral,22604011e9,5,08020200/10010302/13050300,NA,NA,NA,NA,NA,NA,1,NA,NA,NA,NA
55116,ciclosporin 25mg capsules (cubic pharmaceuticals ltd),ciclosporin,corticosteroids and other immunosuppressants/drugs affecting the immune response in rheumatic disease/drugs affecting the immune response for eczema and psoriasis,oral,21835711e9,7,08020200/10010302/13050300,NA,NA,NA,NA,NA,NA,1,NA,NA,NA,NA
3896,ciclosporin 100mg capsules,ciclosporin,corticosteroids and other immunosuppressants/drugs affecting the immune response in rheumatic disease/drugs affecting the immune response for eczema and psoriasis,oral,327083007,72846,08020200/10010302/13050300,NA,NA,NA,NA,NA,NA,1,NA,NA,NA,NA
1905,neoral 100mg/ml oral solution (novartis pharmaceuticals uk ltd),ciclosporin,corticosteroids and other immunosuppressants/drugs affecting the immune response in rheumatic disease/drugs affecting the immune response for eczema and psoriasis,oral,3490411000001109,10509,08020200/10010302/13050300,NA,NA,NA,NA,NA,NA,1,NA,NA,NA,NA
13556,sandimmun 100mg capsules (novartis pharmaceuticals uk ltd),ciclosporin,corticosteroids and other immunosuppressants/drugs affecting the immune response in rheumatic disease/drugs affecting the immune response for eczema and psoriasis,oral,172611000001109,3168,08020200/10010302/13050300,NA,NA,NA,NA,NA,NA,1,NA,NA,NA,NA
1626,ciclosporin 100mg/ml oral solution sugar free,NA,corticosteroids and other immunosuppressants/drugs affecting the immune response in rheumatic disease/drugs affecting the immune response for eczema and psoriasis,NA,36139311e9,13857,08020200/10010302/13050300,NA,NA,NA,NA,NA,NA,1,NA,NA,NA,NA
62051,ciclosporin 25mg capsules (niche pharma ltd),ciclosporin,corticosteroids and other immunosuppressants/drugs affecting the immune response in rheumatic disease/drugs affecting the immune response for eczema and psoriasis,oral,23936511e9,0,08020200/10010302/13050300,NA,NA,NA,NA,NA,NA,1,NA,NA,NA,NA
42449,deximune 100mg capsules (dexcel-pharma ltd),ciclosporin,corticosteroids and other immunosuppressants/drugs affecting the immune response in rheumatic disease/drugs affecting the immune response for eczema and psoriasis,oral,16306911e9,494,08020200/10010302/13050300,NA,NA,NA,NA,NA,NA,1,NA,NA,NA,NA
54134,ciclosporin 100mg capsules (sigma pharmaceuticals plc),ciclosporin,corticosteroids and other immunosuppressants/drugs affecting the immune response in rheumatic disease/drugs affecting the immune response for eczema and psoriasis,oral,21263511e9,19,08020200/10010302/13050300,NA,NA,NA,NA,NA,NA,1,NA,NA,NA,NA
63798,ciclosporin 100mg capsules (a a h pharmaceuticals ltd),ciclosporin,corticosteroids and other immunosuppressants/drugs affecting the immune response in rheumatic disease/drugs affecting the immune response for eczema and psoriasis,oral,16550911e9,0,08020200/10010302/13050300,NA,NA,NA,NA,NA,NA,1,NA,NA,NA,NA
13494,sandimmun 100mg/ml oral solution (novartis pharmaceuticals uk ltd),ciclosporin,corticosteroids and other immunosuppressants/drugs affecting the immune response in rheumatic disease/drugs affecting the immune response for eczema and psoriasis,oral,3490711000001103,1867,08020200/10010302/13050300,NA,NA,NA,NA,NA,NA,1,NA,NA,NA,NA
59249,ciclosporin 50mg capsules (colorama pharmaceuticals ltd),ciclosporin,corticosteroids and other immunosuppressants/drugs affecting the immune response in rheumatic disease/drugs affecting the immune response for eczema and psoriasis,oral,22604411e9,8,08020200/10010302/13050300,NA,NA,NA,NA,NA,NA,1,NA,NA,NA,NA
49958,neoral 25mg capsules (de pharmaceuticals),ciclosporin,corticosteroids and other immunosuppressants/drugs affecting the immune response in rheumatic disease/drugs affecting the immune response for eczema and psoriasis,oral,19617911e9,3,08020200/10010302/13050300,NA,NA,NA,NA,NA,NA,1,NA,NA,NA,NA
47102,capimune 50mg capsules (generics (uk) ltd),ciclosporin,corticosteroids and other immunosuppressants/drugs affecting the immune response in rheumatic disease/drugs affecting the immune response for eczema and psoriasis,oral,17665611e9,540,08020200/10010302/13050300,NA,NA,NA,NA,NA,NA,1,NA,NA,NA,NA
66473,vanquoral 25mg capsules (teva uk ltd),ciclosporin,corticosteroids and other immunosuppressants/drugs affecting the immune response in rheumatic disease/drugs affecting the immune response for eczema and psoriasis,oral,28335911e9,58,08020200/10010302/13050300,NA,NA,NA,NA,NA,NA,1,NA,NA,NA,NA
42637,deximune 25mg capsules (dexcel-pharma ltd),ciclosporin,corticosteroids and other immunosuppressants/drugs affecting the immune response in rheumatic disease/drugs affecting the immune response for eczema and psoriasis,oral,16306511e9,199,08020200/10010302/13050300,NA,NA,NA,NA,NA,NA,1,NA,NA,NA,NA
64858,vanquoral 50mg capsules (teva uk ltd),ciclosporin,corticosteroids and other immunosuppressants/drugs affecting the immune response in rheumatic disease/drugs affecting the immune response for eczema and psoriasis,oral,28337411e9,64,08020200/10010302/13050300,NA,NA,NA,NA,NA,NA,1,NA,NA,NA,NA
15596,sandimmun 50mg capsules (novartis pharmaceuticals uk ltd),ciclosporin,corticosteroids and other immunosuppressants/drugs affecting the immune response in rheumatic disease/drugs affecting the immune response for eczema and psoriasis,oral,638611000001108,1015,08020200/10010302/13050300,NA,NA,NA,NA,NA,NA,1,NA,NA,NA,NA
47192,capsorin 100mg capsules (morningside healthcare ltd),ciclosporin,corticosteroids and other immunosuppressants/drugs affecting the immune response in rheumatic disease/drugs affecting the immune response for eczema and psoriasis,oral,19376911e9,609,08020200/10010302/13050300,NA,NA,NA,NA,NA,NA,1,NA,NA,NA,NA
54974,ciclosporin 50mg capsules (cubic pharmaceuticals ltd),ciclosporin,corticosteroids and other immunosuppressants/drugs affecting the immune response in rheumatic disease/drugs affecting the immune response for eczema and psoriasis,oral,21835511e9,23,08020200/10010302/13050300,NA,NA,NA,NA,NA,NA,1,NA,NA,NA,NA
53175,neoral 25mg capsules (mawdsley-brooks & company ltd),ciclosporin,corticosteroids and other immunosuppressants/drugs affecting the immune response in rheumatic disease/drugs affecting the immune response for eczema and psoriasis,oral,16561911e9,1,08020200/10010302/13050300,NA,NA,NA,NA,NA,NA,1,NA,NA,NA,NA
47047,capsorin 50mg capsules (morningside healthcare ltd),ciclosporin,corticosteroids and other immunosuppressants/drugs affecting the immune response in rheumatic disease/drugs affecting the immune response for eczema and psoriasis,oral,19377111e9,634,08020200/10010302/13050300,NA,NA,NA,NA,NA,NA,1,NA,NA,NA,NA
64857,vanquoral 100mg capsules (teva uk ltd),ciclosporin,corticosteroids and other immunosuppressants/drugs affecting the immune response in rheumatic disease/drugs affecting the immune response for eczema and psoriasis,oral,28338911e9,81,08020200/10010302/13050300,NA,NA,NA,NA,NA,NA,1,NA,NA,NA,NA
53176,neoral 50mg capsules (de pharmaceuticals),ciclosporin,corticosteroids and other immunosuppressants/drugs affecting the immune response in rheumatic disease/drugs affecting the immune response for eczema and psoriasis,oral,20164511e9,2,08020200/10010302/13050300,NA,NA,NA,NA,NA,NA,1,NA,NA,NA,NA
52743,ciclosporin 25mg capsules (sigma pharmaceuticals plc),ciclosporin,corticosteroids and other immunosuppressants/drugs affecting the immune response in rheumatic disease/drugs affecting the immune response for eczema and psoriasis,oral,21263111e9,18,08020200/10010302/13050300,NA,NA,NA,NA,NA,NA,1,NA,NA,NA,NA
54975,ciclosporin 100mg capsules (cubic pharmaceuticals ltd),ciclosporin,corticosteroids and other immunosuppressants/drugs affecting the immune response in rheumatic disease/drugs affecting the immune response for eczema and psoriasis,oral,21835311e9,14,08020200/10010302/13050300,NA,NA,NA,NA,NA,NA,1,NA,NA,NA,NA
48763,ciclosporin 25mg capsules (phoenix healthcare distribution ltd),ciclosporin,corticosteroids and other immunosuppressants/drugs affecting the immune response in rheumatic disease/drugs affecting the immune response for eczema and psoriasis,oral,17856611e9,666,08020200/10010302/13050300,NA,NA,NA,NA,NA,NA,1,NA,NA,NA,NA
42448,deximune 50mg capsules (dexcel-pharma ltd),ciclosporin,corticosteroids and other immunosuppressants/drugs affecting the immune response in rheumatic disease/drugs affecting the immune response for eczema and psoriasis,oral,16306711e9,449,08020200/10010302/13050300,NA,NA,NA,NA,NA,NA,1,NA,NA,NA,NA
2837,ciclosporin 50mg capsules,ciclosporin,corticosteroids and other immunosuppressants/drugs affecting the immune response in rheumatic disease/drugs affecting the immune response for eczema and psoriasis,oral,327085000,51947,08020200/10010302/13050300,NA,NA,NA,NA,NA,NA,1,NA,NA,NA,NA
2838,ciclosporin 25mg capsules,ciclosporin,corticosteroids and other immunosuppressants/drugs affecting the immune response in rheumatic disease/drugs affecting the immune response for eczema and psoriasis,oral,327082002,53790,08020200/10010302/13050300,NA,NA,NA,NA,NA,NA,1,NA,NA,NA,NA
52615,neoral 100mg capsules (sigma pharmaceuticals plc),ciclosporin,corticosteroids and other immunosuppressants/drugs affecting the immune response in rheumatic disease/drugs affecting the immune response for eczema and psoriasis,oral,14344711e9,2,08020200/10010302/13050300,NA,NA,NA,NA,NA,NA,1,NA,NA,NA,NA
46395,capimune 100mg capsules (generics (uk) ltd),ciclosporin,corticosteroids and other immunosuppressants/drugs affecting the immune response in rheumatic disease/drugs affecting the immune response for eczema and psoriasis,oral,17665811e9,429,08020200/10010302/13050300,NA,NA,NA,NA,NA,NA,1,NA,NA,NA,NA
46637,capimune 25mg capsules (generics (uk) ltd),ciclosporin,corticosteroids and other immunosuppressants/drugs affecting the immune response in rheumatic disease/drugs affecting the immune response for eczema and psoriasis,oral,17666911e9,407,08020200/10010302/13050300,NA,NA,NA,NA,NA,NA,1,NA,NA,NA,NA
54867,ciclosporin 50mg capsules (sigma pharmaceuticals plc),ciclosporin,corticosteroids and other immunosuppressants/drugs affecting the immune response in rheumatic disease/drugs affecting the immune response for eczema and psoriasis,oral,21263311e9,28,08020200/10010302/13050300,NA,NA,NA,NA,NA,NA,1,NA,NA,NA,NA
48798,ciclosporin 50mg capsules (phoenix healthcare distribution ltd),ciclosporin,corticosteroids and other immunosuppressants/drugs affecting the immune response in rheumatic disease/drugs affecting the immune response for eczema and psoriasis,oral,17856811e9,571,08020200/10010302/13050300,NA,NA,NA,NA,NA,NA,1,NA,NA,NA,NA
65639,ciclosporin 100mg capsules (j m mcgill ltd),ciclosporin,corticosteroids and other immunosuppressants/drugs affecting the immune response in rheumatic disease/drugs affecting the immune response for eczema and psoriasis,oral,23428211e9,0,08020200/10010302/13050300,NA,NA,NA,NA,NA,NA,1,NA,NA,NA,NA
972,neoral 25mg capsules (novartis pharmaceuticals uk ltd),ciclosporin,corticosteroids and other immunosuppressants/drugs affecting the immune response in rheumatic disease/drugs affecting the immune response for eczema and psoriasis,oral,660811000001100,117889,08020200/10010302/13050300,NA,NA,NA,NA,NA,NA,1,NA,NA,NA,NA
973,neoral 100mg capsules (novartis pharmaceuticals uk ltd),ciclosporin,corticosteroids and other immunosuppressants/drugs affecting the immune response in rheumatic disease/drugs affecting the immune response for eczema and psoriasis,oral,456811000001107,116626,08020200/10010302/13050300,NA,NA,NA,NA,NA,NA,1,NA,NA,NA,NA
3920,sandimmun 25mg capsules (novartis pharmaceuticals uk ltd),ciclosporin,corticosteroids and other immunosuppressants/drugs affecting the immune response in rheumatic disease/drugs affecting the immune response for eczema and psoriasis,oral,347811000001104,2219,08020200/10010302/13050300,NA,NA,NA,NA,NA,NA,1,NA,NA,NA,NA
66785,vanquoral 10mg capsules (teva uk ltd),ciclosporin,corticosteroids and other immunosuppressants/drugs affecting the immune response in rheumatic disease/drugs affecting the immune response for eczema and psoriasis,oral,29934611e9,6,08020200/10010302/13050300,NA,NA,NA,NA,NA,NA,1,NA,NA,NA,NA
78916,neoral 100mg capsules (cst pharma ltd),ciclosporin,corticosteroids and other immunosuppressants/drugs affecting the immune response in rheumatic disease/drugs affecting the immune response for eczema and psoriasis,oral,37346411e9,0,08020200/10010302/13050300,NA,NA,NA,NA,NA,NA,1,NA,NA,NA,NA
4231,neoral 50mg capsules (novartis pharmaceuticals uk ltd),ciclosporin,corticosteroids and other immunosuppressants/drugs affecting the immune response in rheumatic disease/drugs affecting the immune response for eczema and psoriasis,oral,319211000001101,126628,08020200/10010302/13050300,NA,NA,NA,NA,NA,NA,1,NA,NA,NA,NA
48556,ciclosporin 100mg capsules (phoenix healthcare distribution ltd),ciclosporin,corticosteroids and other immunosuppressants/drugs affecting the immune response in rheumatic disease/drugs affecting the immune response for eczema and psoriasis,oral,17857011e9,480,08020200/10010302/13050300,NA,NA,NA,NA,NA,NA,1,NA,NA,NA,NA
16035,ciclosporin 10mg capsules,ciclosporin,corticosteroids and other immunosuppressants/drugs affecting the immune response in rheumatic disease/drugs affecting the immune response for eczema and psoriasis,oral,327090002,1546,08020200/10010302/13050300,NA,NA,NA,NA,NA,NA,1,NA,NA,NA,NA
16137,neoral 10mg capsules (novartis pharmaceuticals uk ltd),ciclosporin,corticosteroids and other immunosuppressants/drugs affecting the immune response in rheumatic disease/drugs affecting the immune response for eczema and psoriasis,oral,303511000001103,7847,08020200/10010302/13050300,NA,NA,NA,NA,NA,NA,1,NA,NA,NA,NA
69850,methotrexate 10mg/0.4ml solution for injection pre-filled disposable devices,NA,cytotoxic drugs/drugs affecting the immune response in rheumatic disease/drugs affecting the immune response for eczema and psoriasis,NA,34167711e9,248,08010000/10010302/13050300,NA,NA,NA,NA,NA,1,NA,NA,NA,NA,NA
7337,methotrexate 10mg/0.4ml solution for injection pre-filled syringes,methotrexate sodium,cytotoxic drugs/drugs affecting the immune response in rheumatic disease/drugs affecting the immune response for eczema and psoriasis,intraarterial/intrathecal/intravenous/intramuscular,9468211000001108,601,08010000/10010302/13050300,NA,NA,NA,NA,NA,1,NA,NA,NA,NA,NA
17672,methotrexate 22.5mg/0.9ml solution for injection pre-filled syringes,methotrexate sodium,cytotoxic drugs/drugs affecting the immune response in rheumatic disease/drugs affecting the immune response for eczema and psoriasis,intrathecal/intramuscular/intravenous/intraarterial,9468711000001100,127,08010000/10010302/13050300,NA,NA,NA,NA,NA,1,NA,NA,NA,NA,NA
61122,methotrexate 25mg/0.5ml solution for injection pre-filled disposable devices,NA,cytotoxic drugs/drugs affecting the immune response in rheumatic disease/drugs affecting the immune response for eczema and psoriasis,NA,24594911e9,8313,08010000/10010302/13050300,NA,NA,NA,NA,NA,1,NA,NA,NA,NA,NA
61082,methotrexate 22.5mg/0.45ml solution for injection pre-filled disposable devices,NA,cytotoxic drugs/drugs affecting the immune response in rheumatic disease/drugs affecting the immune response for eczema and psoriasis,NA,24594811e9,852,08010000/10010302/13050300,NA,NA,NA,NA,NA,1,NA,NA,NA,NA,NA
16540,methotrexate 15mg/0.6ml solution for injection pre-filled syringes,methotrexate sodium,cytotoxic drugs/drugs affecting the immune response in rheumatic disease/drugs affecting the immune response for eczema and psoriasis,intramuscular/intravenous/intraarterial/intrathecal,9468411000001108,688,08010000/10010302/13050300,NA,NA,NA,NA,NA,1,NA,NA,NA,NA,NA
61137,methotrexate 17.5mg/0.35ml solution for injection pre-filled disposable devices,NA,cytotoxic drugs/drugs affecting the immune response in rheumatic disease/drugs affecting the immune response for eczema and psoriasis,NA,24594611e9,2101,08010000/10010302/13050300,NA,NA,NA,NA,NA,1,NA,NA,NA,NA,NA
70379,zlatal 10mg/0.4ml solution for injection pre-filled syringes (nordic pharma ltd),methotrexate sodium,cytotoxic drugs/drugs affecting the immune response in rheumatic disease/drugs affecting the immune response for eczema and psoriasis,intraarterial/intrathecal/intravenous/intramuscular,31407911e9,26,08010000/10010302/13050300,NA,NA,NA,NA,NA,1,NA,NA,NA,NA,NA
70059,methotrexate 25mg/1ml solution for injection pre-filled disposable devices,NA,cytotoxic drugs/drugs affecting the immune response in rheumatic disease/drugs affecting the immune response for eczema and psoriasis,NA,34168311e9,90,08010000/10010302/13050300,NA,NA,NA,NA,NA,1,NA,NA,NA,NA,NA
61140,methotrexate 20mg/0.4ml solution for injection pre-filled disposable devices,NA,cytotoxic drugs/drugs affecting the immune response in rheumatic disease/drugs affecting the immune response for eczema and psoriasis,NA,24594711e9,15566,08010000/10010302/13050300,NA,NA,NA,NA,NA,1,NA,NA,NA,NA,NA
61151,methotrexate 10mg/0.2ml solution for injection pre-filled disposable devices,NA,cytotoxic drugs/drugs affecting the immune response in rheumatic disease/drugs affecting the immune response for eczema and psoriasis,NA,24594311e9,5590,08010000/10010302/13050300,NA,NA,NA,NA,NA,1,NA,NA,NA,NA,NA
71283,methotrexate 22.5mg/0.9ml solution for injection pre-filled disposable devices,NA,cytotoxic drugs/drugs affecting the immune response in rheumatic disease/drugs affecting the immune response for eczema and psoriasis,NA,34168211e9,26,08010000/10010302/13050300,NA,NA,NA,NA,NA,1,NA,NA,NA,NA,NA
61081,methotrexate 12.5mg/0.25ml solution for injection pre-filled disposable devices,NA,cytotoxic drugs/drugs affecting the immune response in rheumatic disease/drugs affecting the immune response for eczema and psoriasis,NA,24594411e9,2048,08010000/10010302/13050300,NA,NA,NA,NA,NA,1,NA,NA,NA,NA,NA
7336,methotrexate 12.5mg/0.5ml solution for injection pre-filled syringes,methotrexate sodium,cytotoxic drugs/drugs affecting the immune response in rheumatic disease/drugs affecting the immune response for eczema and psoriasis,intrathecal/intramuscular/intravenous/intraarterial,9468311000001100,738,08010000/10010302/13050300,NA,NA,NA,NA,NA,1,NA,NA,NA,NA,NA
61273,methotrexate 15mg/0.3ml solution for injection pre-filled disposable devices,NA,cytotoxic drugs/drugs affecting the immune response in rheumatic disease/drugs affecting the immune response for eczema and psoriasis,NA,24594511e9,9926,08010000/10010302/13050300,NA,NA,NA,NA,NA,1,NA,NA,NA,NA,NA
70046,methotrexate 15mg/0.6ml solution for injection pre-filled disposable devices,NA,cytotoxic drugs/drugs affecting the immune response in rheumatic disease/drugs affecting the immune response for eczema and psoriasis,NA,34167911e9,189,08010000/10010302/13050300,NA,NA,NA,NA,NA,1,NA,NA,NA,NA,NA
76247,zlatal 25mg/1ml solution for injection pre-filled syringes (nordic pharma ltd),methotrexate sodium,cytotoxic drugs/drugs affecting the immune response in rheumatic disease/drugs affecting the immune response for eczema and psoriasis,intraarterial/intravenous/intrathecal/intramuscular,31407411e9,2,08010000/10010302/13050300,NA,NA,NA,NA,NA,1,NA,NA,NA,NA,NA
66487,zlatal 12.5mg/0.5ml solution for injection pre-filled syringes (nordic pharma ltd),methotrexate sodium,cytotoxic drugs/drugs affecting the immune response in rheumatic disease/drugs affecting the immune response for eczema and psoriasis,intrathecal/intramuscular/intravenous/intraarterial,31409011e9,1,08010000/10010302/13050300,NA,NA,NA,NA,NA,1,NA,NA,NA,NA,NA
61172,methotrexate 7.5mg/0.15ml solution for injection pre-filled disposable devices,NA,cytotoxic drugs/drugs affecting the immune response in rheumatic disease/drugs affecting the immune response for eczema and psoriasis,NA,24595211e9,1235,08010000/10010302/13050300,NA,NA,NA,NA,NA,1,NA,NA,NA,NA,NA
16519,methotrexate 25mg/1ml solution for injection pre-filled syringes,methotrexate sodium,cytotoxic drugs/drugs affecting the immune response in rheumatic disease/drugs affecting the immune response for eczema and psoriasis,intraarterial/intravenous/intrathecal/intramuscular,9468811000001108,1222,08010000/10010302/13050300,NA,NA,NA,NA,NA,1,NA,NA,NA,NA,NA
70119,methotrexate 17.5mg/0.7ml solution for injection pre-filled disposable devices,NA,cytotoxic drugs/drugs affecting the immune response in rheumatic disease/drugs affecting the immune response for eczema and psoriasis,NA,34168011e9,39,08010000/10010302/13050300,NA,NA,NA,NA,NA,1,NA,NA,NA,NA,NA
69928,methotrexate 12.5mg/0.5ml solution for injection pre-filled disposable devices,NA,cytotoxic drugs/drugs affecting the immune response in rheumatic disease/drugs affecting the immune response for eczema and psoriasis,NA,34167811e9,61,08010000/10010302/13050300,NA,NA,NA,NA,NA,1,NA,NA,NA,NA,NA
16570,methotrexate 7.5mg/0.3ml solution for injection pre-filled syringes,methotrexate sodium,cytotoxic drugs/drugs affecting the immune response in rheumatic disease/drugs affecting the immune response for eczema and psoriasis,intrathecal/intramuscular/intravenous/intraarterial,9469511000001100,251,08010000/10010302/13050300,NA,NA,NA,NA,NA,1,NA,NA,NA,NA,NA
69639,methotrexate 7.5mg/0.3ml solution for injection pre-filled disposable devices,NA,cytotoxic drugs/drugs affecting the immune response in rheumatic disease/drugs affecting the immune response for eczema and psoriasis,NA,34168411e9,86,08010000/10010302/13050300,NA,NA,NA,NA,NA,1,NA,NA,NA,NA,NA
61796,methotrexate 30mg/0.6ml solution for injection pre-filled disposable devices,NA,cytotoxic drugs/drugs affecting the immune response in rheumatic disease/drugs affecting the immune response for eczema and psoriasis,NA,24595111e9,29,08010000/10010302/13050300,NA,NA,NA,NA,NA,1,NA,NA,NA,NA,NA
80813,zlatal 20mg/0.8ml solution for injection pre-filled syringes (nordic pharma ltd),methotrexate sodium,cytotoxic drugs/drugs affecting the immune response in rheumatic disease/drugs affecting the immune response for eczema and psoriasis,intravenous/intramuscular/intraarterial/intrathecal,31406711e9,1,08010000/10010302/13050300,NA,NA,NA,NA,NA,1,NA,NA,NA,NA,NA
18890,methotrexate 17.5mg/0.7ml solution for injection pre-filled syringes,methotrexate sodium,cytotoxic drugs/drugs affecting the immune response in rheumatic disease/drugs affecting the immune response for eczema and psoriasis,intramuscular/intrathecal/intraarterial/intravenous,9468511000001106,1303,08010000/10010302/13050300,NA,NA,NA,NA,NA,1,NA,NA,NA,NA,NA
70736,zlatal 7.5mg/0.3ml solution for injection pre-filled syringes (nordic pharma ltd),methotrexate sodium,cytotoxic drugs/drugs affecting the immune response in rheumatic disease/drugs affecting the immune response for eczema and psoriasis,intrathecal/intramuscular/intravenous/intraarterial,31408511e9,2,08010000/10010302/13050300,NA,NA,NA,NA,NA,1,NA,NA,NA,NA,NA
14347,methotrexate 20mg/0.8ml solution for injection pre-filled syringes,methotrexate sodium,cytotoxic drugs/drugs affecting the immune response in rheumatic disease/drugs affecting the immune response for eczema and psoriasis,intravenous/intramuscular/intraarterial/intrathecal,9468611000001104,1242,08010000/10010302/13050300,NA,NA,NA,NA,NA,1,NA,NA,NA,NA,NA
70411,methotrexate 20mg/0.8ml solution for injection pre-filled disposable devices,NA,cytotoxic drugs/drugs affecting the immune response in rheumatic disease/drugs affecting the immune response for eczema and psoriasis,NA,34168111e9,115,08010000/10010302/13050300,NA,NA,NA,NA,NA,1,NA,NA,NA,NA,NA
71454,zlatal 15mg/0.6ml solution for injection pre-filled syringes (nordic pharma ltd),methotrexate sodium,cytotoxic drugs/drugs affecting the immune response in rheumatic disease/drugs affecting the immune response for eczema and psoriasis,intramuscular/intravenous/intraarterial/intrathecal,31409611e9,3,08010000/10010302/13050300,NA,NA,NA,NA,NA,1,NA,NA,NA,NA,NA
14748,methotrexate sodium 25mg/ml injection,methotrexate sodium,products affecting the immune response in chronic bowel problems/antimetabolites,NA,200875001e9,1166,01050300/08010300,NA,NA,NA,NA,NA,1,NA,NA,NA,NA,NA
27342,maxtrex 2.5mg/ml injection (pharmacia ltd),methotrexate sodium,products affecting the immune response in chronic bowel problems/antimetabolites,NA,124635001e9,1,01050300/08010300,NA,NA,NA,NA,NA,1,NA,NA,NA,NA,NA
12816,methotrexate 100mg/ml injection,methotrexate sodium,products affecting the immune response in chronic bowel problems/antimetabolites,NA,124585001e9,76,01050300/08010300,NA,NA,NA,NA,NA,1,NA,NA,NA,NA,NA
41585,methotrexate sodium 2.5mg tablet (wyeth pharmaceuticals),methotrexate,products affecting the immune response in chronic bowel problems/antimetabolites,oral,34715001e9,170,01050300/08010300,NA,NA,NA,NA,NA,1,NA,NA,NA,NA,NA
29069,methotrexate 500mg/vial sterile powder,methotrexate sodium,products affecting the immune response in chronic bowel problems/antimetabolites,NA,185085001e9,0,01050300/08010300,NA,NA,NA,NA,NA,1,NA,NA,NA,NA,NA
8327,methotrexate 50mg/3ml injection,methotrexate sodium,products affecting the immune response in chronic bowel problems/antimetabolites,NA,124595001e9,903,01050300/08010300,NA,NA,NA,NA,NA,1,NA,NA,NA,NA,NA
30780,methotrexate 2.5mg tablet (pharmacia ltd),methotrexate,products affecting the immune response in chronic bowel problems/antimetabolites,oral,34645001e9,48,01050300/08010300,NA,NA,NA,NA,NA,1,NA,NA,NA,NA,NA
8583,methotrexate 25mg/ml injection,methotrexate sodium,products affecting the immune response in chronic bowel problems/antimetabolites,NA,124575001e9,10971,01050300/08010300,NA,NA,NA,NA,NA,1,NA,NA,NA,NA,NA
18424,methotrexate sodium 2.5mg tablet,methotrexate,products affecting the immune response in chronic bowel problems/antimetabolites,oral,200885001e9,4884,01050300/08010300,NA,NA,NA,NA,NA,1,NA,NA,NA,NA,NA
73486,methotrexate 2.5mg/ml injection (dupont pharmaceuticals ltd),methotrexate sodium,products affecting the immune response in chronic bowel problems/antimetabolites,NA,63145001e9,7,01050300/08010300,NA,NA,NA,NA,NA,1,NA,NA,NA,NA,NA
34258,methotrexate 20mg/0.8ml injection (central homecare),methotrexate sodium,products affecting the immune response in chronic bowel problems/antimetabolites,intravenous/intramuscular/intraarterial/intrathecal,158285001e9,3,01050300/08010300,NA,NA,NA,NA,NA,1,NA,NA,NA,NA,NA
67597,methotrexate 25mg/ml injection (dupont pharmaceuticals ltd),methotrexate sodium,products affecting the immune response in chronic bowel problems/antimetabolites,NA,63085001e9,20,01050300/08010300,NA,NA,NA,NA,NA,1,NA,NA,NA,NA,NA
24783,methotrexate 50mg/2ml injection,methotrexate sodium,products affecting the immune response in chronic bowel problems/antimetabolites,intravenous injection,242025001e9,3248,01050300/08010300,NA,NA,NA,NA,NA,1,NA,NA,NA,NA,NA
79193,methotrexate oral solution,methotrexate,products affecting the immune response in chronic bowel problems/antimetabolites,NA,243165001e9,3,01050300/08010300,NA,NA,NA,NA,NA,1,NA,NA,NA,NA,NA
49547,methotrexate 5g/200ml solution for infusion vials,NA,products affecting the immune response in chronic bowel problems/antimetabolites/drugs affecting the immune response for eczema and psoriasis,NA,36033411e9,40,01050300/08010300/13050300,NA,NA,NA,NA,NA,1,NA,NA,NA,NA,NA
80080,methotrexate 50mg/2ml solution for injection vials (hospira uk ltd),methotrexate sodium,products affecting the immune response in chronic bowel problems/antimetabolites/drugs affecting the immune response for eczema and psoriasis,intraarterial/intramuscular/intravenous,3612811000001108,0,01050300/08010300/13050300,NA,NA,NA,NA,NA,1,NA,NA,NA,NA,NA
36167,methotrexate 1g/10ml solution for injection vials,NA,products affecting the immune response in chronic bowel problems/antimetabolites/drugs affecting the immune response for eczema and psoriasis,NA,36032911e9,20,01050300/08010300/13050300,NA,NA,NA,NA,NA,1,NA,NA,NA,NA,NA
68599,methotrexate 500mg/20ml solution for injection vials (hospira uk ltd),methotrexate sodium,products affecting the immune response in chronic bowel problems/antimetabolites/drugs affecting the immune response for eczema and psoriasis,intramuscular/intraarterial/intravenous,3622911000001108,0,01050300/08010300/13050300,NA,NA,NA,NA,NA,1,NA,NA,NA,NA,NA
75003,methotrexate 5g/200ml solution for infusion vials (amco),methotrexate sodium,products affecting the immune response in chronic bowel problems/antimetabolites/drugs affecting the immune response for eczema and psoriasis,intravenous/intraarterial/intramuscular,3621111000001100,0,01050300/08010300/13050300,NA,NA,NA,NA,NA,1,NA,NA,NA,NA,NA
41086,methotrexate 5g/50ml solution for infusion vials,NA,products affecting the immune response in chronic bowel problems/antimetabolites/drugs affecting the immune response for eczema and psoriasis,NA,36033511e9,5,01050300/08010300/13050300,NA,NA,NA,NA,NA,1,NA,NA,NA,NA,NA
53696,methotrexate 50mg/2ml solution for injection vials (a a h pharmaceuticals ltd),methotrexate sodium,products affecting the immune response in chronic bowel problems/antimetabolites/drugs affecting the immune response for eczema and psoriasis,intraarterial/intramuscular/intravenous,3610011000001101,0,01050300/08010300/13050300,NA,NA,NA,NA,NA,1,NA,NA,NA,NA,NA
51321,methotrexate 50mg/2ml solution for injection vials,NA,products affecting the immune response in chronic bowel problems/antimetabolites/drugs affecting the immune response for eczema and psoriasis,NA,36033311e9,111,01050300/08010300/13050300,NA,NA,NA,NA,NA,1,NA,NA,NA,NA,NA
9528,methotrexate 5mg/2ml solution for injection vials,NA,products affecting the immune response in chronic bowel problems/antimetabolites/drugs affecting the immune response for eczema and psoriasis,NA,36033611e9,2791,01050300/08010300/13050300,NA,NA,NA,NA,NA,1,NA,NA,NA,NA,NA
51667,methotrexate 200mg/8ml solution for injection vials,NA,products affecting the immune response in chronic bowel problems/antimetabolites/drugs affecting the immune response for eczema and psoriasis,NA,36033111e9,1,01050300/08010300/13050300,NA,NA,NA,NA,NA,1,NA,NA,NA,NA,NA
68631,methotrexate 5mg/2ml solution for injection vials (hospira uk ltd),methotrexate sodium,products affecting the immune response in chronic bowel problems/antimetabolites/drugs affecting the immune response for eczema and psoriasis,intrathecal/intramuscular/intravenous/intraarterial,3614611000001101,0,01050300/08010300/13050300,NA,NA,NA,NA,NA,1,NA,NA,NA,NA,NA
46407,methotrexate 1g/40ml solution for injection vials,NA,products affecting the immune response in chronic bowel problems/antimetabolites/drugs affecting the immune response for eczema and psoriasis,NA,36033011e9,4,01050300/08010300/13050300,NA,NA,NA,NA,NA,1,NA,NA,NA,NA,NA
32229,methotrexate 500mg/20ml solution for injection vials,NA,products affecting the immune response in chronic bowel problems/antimetabolites/drugs affecting the immune response for eczema and psoriasis,NA,36033211e9,8,01050300/08010300/13050300,NA,NA,NA,NA,NA,1,NA,NA,NA,NA,NA
36800,methotrexate 10mg/5ml oral solution,methotrexate,products affecting the immune response in chronic bowel problems/antimetabolites/drugs affecting the immune response in rheumatic disease/drugs affecting the immune response for eczema and psoriasis,oral,8664911000001105,278,01050300/08010300/10010302/13050300,NA,NA,NA,NA,NA,1,NA,NA,NA,NA,NA
57441,methotrexate 10mg tablets (a a h pharmaceuticals ltd),methotrexate,products affecting the immune response in chronic bowel problems/antimetabolites/drugs affecting the immune response in rheumatic disease/drugs affecting the immune response for eczema and psoriasis,oral,928011000001103,1,01050300/08010300/10010302/13050300,NA,NA,NA,NA,NA,1,NA,NA,NA,NA,NA
27400,metoject 15mg/1.5ml solution for injection pre-filled syringes (medac uk),methotrexate sodium,products affecting the immune response in chronic bowel problems/antimetabolites/drugs affecting the immune response in rheumatic disease/drugs affecting the immune response for eczema and psoriasis,intramuscular/subcutaneous/intravenous,10673211e9,341,01050300/08010300/10010302/13050300,NA,NA,NA,NA,NA,1,NA,NA,NA,NA,NA
46039,methotrexate 30mg/1.5ml solution for injection pre-filled syringes,methotrexate sodium,products affecting the immune response in chronic bowel problems/antimetabolites/drugs affecting the immune response in rheumatic disease/drugs affecting the immune response for eczema and psoriasis,intravenous/intramuscular/subcutaneous,19976211e9,2,01050300/08010300/10010302/13050300,NA,NA,NA,NA,NA,1,NA,NA,NA,NA,NA
36849,methotrexate 10mg/5ml oral suspension,methotrexate,products affecting the immune response in chronic bowel problems/antimetabolites/drugs affecting the immune response in rheumatic disease/drugs affecting the immune response for eczema and psoriasis,oral,8665011000001105,481,01050300/08010300/10010302/13050300,NA,NA,NA,NA,NA,1,NA,NA,NA,NA,NA
37117,metoject 10mg/1ml solution for injection pre-filled syringes (medac uk),methotrexate sodium,products affecting the immune response in chronic bowel problems/antimetabolites/drugs affecting the immune response in rheumatic disease/drugs affecting the immune response for eczema and psoriasis,intramuscular/subcutaneous/intravenous,10672911e9,161,01050300/08010300/10010302/13050300,NA,NA,NA,NA,NA,1,NA,NA,NA,NA,NA
62753,methotrexate 27.5mg/0.55ml solution for injection pre-filled syringes,methotrexate sodium,products affecting the immune response in chronic bowel problems/antimetabolites/drugs affecting the immune response in rheumatic disease/drugs affecting the immune response for eczema and psoriasis,intravenous/intramuscular/subcutaneous,19231611e9,1,01050300/08010300/10010302/13050300,NA,NA,NA,NA,NA,1,NA,NA,NA,NA,NA
79422,methotrexate 10mg tablets (wockhardt uk ltd),methotrexate,products affecting the immune response in chronic bowel problems/antimetabolites/drugs affecting the immune response in rheumatic disease/drugs affecting the immune response for eczema and psoriasis,oral,11026611e9,0,01050300/08010300/10010302/13050300,NA,NA,NA,NA,NA,1,NA,NA,NA,NA,NA
77558,methotrexate 10mg tablets (alliance healthcare (distribution) ltd),methotrexate,products affecting the immune response in chronic bowel problems/antimetabolites/drugs affecting the immune response in rheumatic disease/drugs affecting the immune response for eczema and psoriasis,oral,136411000001105,0,01050300/08010300/10010302/13050300,NA,NA,NA,NA,NA,1,NA,NA,NA,NA,NA
77023,methotrexate 25mg/3ml solution for injection pre-filled syringes,methotrexate sodium,products affecting the immune response in chronic bowel problems/antimetabolites/drugs affecting the immune response in rheumatic disease/drugs affecting the immune response for eczema and psoriasis,intravenous/intraarterial/intramuscular,14967911e9,11,01050300/08010300/10010302/13050300,NA,NA,NA,NA,NA,1,NA,NA,NA,NA,NA
76367,methotrexate 2.5mg tablets (almus pharmaceuticals ltd),methotrexate,products affecting the immune response in chronic bowel problems/antimetabolites/drugs affecting the immune response in rheumatic disease/drugs affecting the immune response for eczema and psoriasis,oral,34956611e9,0,01050300/08010300/10010302/13050300,NA,NA,NA,NA,NA,1,NA,NA,NA,NA,NA
73434,methotrexate 2mg/ml oral solution sugar free (rosemont pharmaceuticals ltd),NA,products affecting the immune response in chronic bowel problems/antimetabolites/drugs affecting the immune response in rheumatic disease/drugs affecting the immune response for eczema and psoriasis,NA,30595111e9,0,01050300/08010300/10010302/13050300,NA,NA,NA,NA,NA,1,NA,NA,NA,NA,NA
52606,methotrexate 2.5mg tablets (sigma pharmaceuticals plc),methotrexate,products affecting the immune response in chronic bowel problems/antimetabolites/drugs affecting the immune response in rheumatic disease/drugs affecting the immune response for eczema and psoriasis,oral,14709211e9,0,01050300/08010300/10010302/13050300,NA,NA,NA,NA,NA,1,NA,NA,NA,NA,NA
56037,methotrexate 2.5mg tablets (a a h pharmaceuticals ltd),methotrexate,products affecting the immune response in chronic bowel problems/antimetabolites/drugs affecting the immune response in rheumatic disease/drugs affecting the immune response for eczema and psoriasis,oral,201811000001107,0,01050300/08010300/10010302/13050300,NA,NA,NA,NA,NA,1,NA,NA,NA,NA,NA
60979,methotrexate 2.5mg tablets (morningside healthcare ltd),methotrexate,products affecting the immune response in chronic bowel problems/antimetabolites/drugs affecting the immune response in rheumatic disease/drugs affecting the immune response for eczema and psoriasis,oral,24136011e9,2,01050300/08010300/10010302/13050300,NA,NA,NA,NA,NA,1,NA,NA,NA,NA,NA
32111,methotrexate 2.5mg tablets (hospira uk ltd),methotrexate,products affecting the immune response in chronic bowel problems/antimetabolites/drugs affecting the immune response in rheumatic disease/drugs affecting the immune response for eczema and psoriasis,oral,383711000001107,226,01050300/08010300/10010302/13050300,NA,NA,NA,NA,NA,1,NA,NA,NA,NA,NA
35865,metoject 7.5mg/0.75ml solution for injection pre-filled syringes (medac uk),methotrexate sodium,products affecting the immune response in chronic bowel problems/antimetabolites/drugs affecting the immune response in rheumatic disease/drugs affecting the immune response for eczema and psoriasis,intramuscular/subcutaneous/intravenous,10672611e9,70,01050300/08010300/10010302/13050300,NA,NA,NA,NA,NA,1,NA,NA,NA,NA,NA
53385,methotrexate 2.5mg tablets (waymade healthcare plc),methotrexate,products affecting the immune response in chronic bowel problems/antimetabolites/drugs affecting the immune response in rheumatic disease/drugs affecting the immune response for eczema and psoriasis,oral,14946711e9,0,01050300/08010300/10010302/13050300,NA,NA,NA,NA,NA,1,NA,NA,NA,NA,NA
58885,methotrexate 10mg tablets (sigma pharmaceuticals plc),methotrexate,products affecting the immune response in chronic bowel problems/antimetabolites/drugs affecting the immune response in rheumatic disease/drugs affecting the immune response for eczema and psoriasis,oral,15109411e9,0,01050300/08010300/10010302/13050300,NA,NA,NA,NA,NA,1,NA,NA,NA,NA,NA
58303,methotrexate 2.5mg tablets (orion pharma (uk) ltd),methotrexate,products affecting the immune response in chronic bowel problems/antimetabolites/drugs affecting the immune response in rheumatic disease/drugs affecting the immune response for eczema and psoriasis,oral,14962511e9,0,01050300/08010300/10010302/13050300,NA,NA,NA,NA,NA,1,NA,NA,NA,NA,NA
79194,methotrexate 10mg tablets (de pharmaceuticals),methotrexate,products affecting the immune response in chronic bowel problems/antimetabolites/drugs affecting the immune response in rheumatic disease/drugs affecting the immune response for eczema and psoriasis,oral,24381411e9,0,01050300/08010300/10010302/13050300,NA,NA,NA,NA,NA,1,NA,NA,NA,NA,NA
45558,methotrexate 25mg/1.25ml solution for injection pre-filled syringes,methotrexate sodium,products affecting the immune response in chronic bowel problems/antimetabolites/drugs affecting the immune response in rheumatic disease/drugs affecting the immune response for eczema and psoriasis,intravenous/subcutaneous/intramuscular,19976111e9,39,01050300/08010300/10010302/13050300,NA,NA,NA,NA,NA,1,NA,NA,NA,NA,NA
27404,methotrexate 15mg/1.5ml solution for injection pre-filled syringes,methotrexate sodium,products affecting the immune response in chronic bowel problems/antimetabolites/drugs affecting the immune response in rheumatic disease/drugs affecting the immune response for eczema and psoriasis,intramuscular/subcutaneous/intravenous,10675711e9,1217,01050300/08010300/10010302/13050300,NA,NA,NA,NA,NA,1,NA,NA,NA,NA,NA
59723,methotrexate 7.5mg/5ml oral solution,methotrexate,products affecting the immune response in chronic bowel problems/antimetabolites/drugs affecting the immune response in rheumatic disease/drugs affecting the immune response for eczema and psoriasis,oral,8666011000001101,4,01050300/08010300/10010302/13050300,NA,NA,NA,NA,NA,1,NA,NA,NA,NA,NA
74593,methotrexate 25mg/5ml oral solution,methotrexate,products affecting the immune response in chronic bowel problems/antimetabolites/drugs affecting the immune response in rheumatic disease/drugs affecting the immune response for eczema and psoriasis,oral,12816911e9,15,01050300/08010300/10010302/13050300,NA,NA,NA,NA,NA,1,NA,NA,NA,NA,NA
32865,methotrexate 10mg/1ml solution for injection pre-filled syringes,methotrexate sodium,products affecting the immune response in chronic bowel problems/antimetabolites/drugs affecting the immune response in rheumatic disease/drugs affecting the immune response for eczema and psoriasis,intramuscular/subcutaneous/intravenous,10675611e9,867,01050300/08010300/10010302/13050300,NA,NA,NA,NA,NA,1,NA,NA,NA,NA,NA
24634,methotrexate 25mg/2.5ml solution for injection pre-filled syringes,methotrexate sodium,products affecting the immune response in chronic bowel problems/antimetabolites/drugs affecting the immune response in rheumatic disease/drugs affecting the immune response for eczema and psoriasis,intramuscular/subcutaneous/intravenous,10675911e9,629,01050300/08010300/10010302/13050300,NA,NA,NA,NA,NA,1,NA,NA,NA,NA,NA
33601,metoject 25mg/2.5ml solution for injection pre-filled syringes (medac uk),methotrexate sodium,products affecting the immune response in chronic bowel problems/antimetabolites/drugs affecting the immune response in rheumatic disease/drugs affecting the immune response for eczema and psoriasis,intramuscular/subcutaneous/intravenous,10674011e9,139,01050300/08010300/10010302/13050300,NA,NA,NA,NA,NA,1,NA,NA,NA,NA,NA
78297,methotrexate 10mg tablets (orion pharma (uk) ltd),methotrexate,products affecting the immune response in chronic bowel problems/antimetabolites/drugs affecting the immune response in rheumatic disease/drugs affecting the immune response for eczema and psoriasis,oral,14963911e9,0,01050300/08010300/10010302/13050300,NA,NA,NA,NA,NA,1,NA,NA,NA,NA,NA
21753,maxtrex 10mg tablets (pfizer ltd),methotrexate,products affecting the immune response in chronic bowel problems/antimetabolites/drugs affecting the immune response in rheumatic disease/drugs affecting the immune response for eczema and psoriasis,oral,322011000001106,3019,01050300/08010300/10010302/13050300,NA,NA,NA,NA,NA,1,NA,NA,NA,NA,NA
45165,methotrexate 20mg/1ml solution for injection pre-filled syringes,methotrexate sodium,products affecting the immune response in chronic bowel problems/antimetabolites/drugs affecting the immune response in rheumatic disease/drugs affecting the immune response for eczema and psoriasis,subcutaneous/intravenous/intramuscular,19976011e9,206,01050300/08010300/10010302/13050300,NA,NA,NA,NA,NA,1,NA,NA,NA,NA,NA
61085,methotrexate 2.5mg tablets (waymade healthcare plc),methotrexate,products affecting the immune response in chronic bowel problems/antimetabolites/drugs affecting the immune response in rheumatic disease/drugs affecting the immune response for eczema and psoriasis,oral,21796211e9,1,01050300/08010300/10010302/13050300,NA,NA,NA,NA,NA,1,NA,NA,NA,NA,NA
62833,methotrexate 2.5mg tablets (de pharmaceuticals),methotrexate,products affecting the immune response in chronic bowel problems/antimetabolites/drugs affecting the immune response in rheumatic disease/drugs affecting the immune response for eczema and psoriasis,oral,24381611e9,0,01050300/08010300/10010302/13050300,NA,NA,NA,NA,NA,1,NA,NA,NA,NA,NA
26064,methotrexate 20mg/2ml solution for injection pre-filled syringes,methotrexate sodium,products affecting the immune response in chronic bowel problems/antimetabolites/drugs affecting the immune response in rheumatic disease/drugs affecting the immune response for eczema and psoriasis,intramuscular/subcutaneous/intravenous,10675811e9,1208,01050300/08010300/10010302/13050300,NA,NA,NA,NA,NA,1,NA,NA,NA,NA,NA
13428,maxtrex 2.5mg tablets (pfizer ltd),methotrexate,products affecting the immune response in chronic bowel problems/antimetabolites/drugs affecting the immune response in rheumatic disease/drugs affecting the immune response for eczema and psoriasis,oral,644711000001108,9839,01050300/08010300/10010302/13050300,NA,NA,NA,NA,NA,1,NA,NA,NA,NA,NA
51120,methotrexate 2.5mg tablets (alliance healthcare (distribution) ltd),methotrexate,products affecting the immune response in chronic bowel problems/antimetabolites/drugs affecting the immune response in rheumatic disease/drugs affecting the immune response for eczema and psoriasis,oral,706911000001103,0,01050300/08010300/10010302/13050300,NA,NA,NA,NA,NA,1,NA,NA,NA,NA,NA
59685,methotrexate 2.5mg tablets (teva uk ltd),methotrexate,products affecting the immune response in chronic bowel problems/antimetabolites/drugs affecting the immune response in rheumatic disease/drugs affecting the immune response for eczema and psoriasis,oral,22222311e9,2,01050300/08010300/10010302/13050300,NA,NA,NA,NA,NA,1,NA,NA,NA,NA,NA
57174,methotrexate 10mg tablets (waymade healthcare plc),methotrexate,products affecting the immune response in chronic bowel problems/antimetabolites/drugs affecting the immune response in rheumatic disease/drugs affecting the immune response for eczema and psoriasis,oral,21796511e9,0,01050300/08010300/10010302/13050300,NA,NA,NA,NA,NA,1,NA,NA,NA,NA,NA
877,methotrexate 10mg tablets,methotrexate,products affecting the immune response in chronic bowel problems/antimetabolites/drugs affecting the immune response in rheumatic disease/drugs affecting the immune response for eczema and psoriasis,oral,326875008,314115,01050300/08010300/10010302/13050300,NA,NA,NA,NA,NA,1,NA,NA,NA,NA,NA
59538,methotrexate 10mg tablets (teva uk ltd),methotrexate,products affecting the immune response in chronic bowel problems/antimetabolites/drugs affecting the immune response in rheumatic disease/drugs affecting the immune response for eczema and psoriasis,oral,22222111e9,0,01050300/08010300/10010302/13050300,NA,NA,NA,NA,NA,1,NA,NA,NA,NA,NA
68955,methotrexate 10mg tablets (sandoz ltd),methotrexate,products affecting the immune response in chronic bowel problems/antimetabolites/drugs affecting the immune response in rheumatic disease/drugs affecting the immune response for eczema and psoriasis,oral,20310811e9,0,01050300/08010300/10010302/13050300,NA,NA,NA,NA,NA,1,NA,NA,NA,NA,NA
28041,methotrexate 12.5mg/5ml oral suspension,methotrexate,products affecting the immune response in chronic bowel problems/antimetabolites/drugs affecting the immune response in rheumatic disease/drugs affecting the immune response for eczema and psoriasis,oral,8665211000001100,124,01050300/08010300/10010302/13050300,NA,NA,NA,NA,NA,1,NA,NA,NA,NA,NA
72045,methotrexate 10mg tablets (morningside healthcare ltd),methotrexate,products affecting the immune response in chronic bowel problems/antimetabolites/drugs affecting the immune response in rheumatic disease/drugs affecting the immune response for eczema and psoriasis,oral,24135711e9,0,01050300/08010300/10010302/13050300,NA,NA,NA,NA,NA,1,NA,NA,NA,NA,NA
65584,methotrexate 2mg/ml oral solution sugar free,NA,products affecting the immune response in chronic bowel problems/antimetabolites/drugs affecting the immune response in rheumatic disease/drugs affecting the immune response for eczema and psoriasis,NA,30799911e9,208,01050300/08010300/10010302/13050300,NA,NA,NA,NA,NA,1,NA,NA,NA,NA,NA
35752,methotrexate 7.5mg/5ml oral suspension,methotrexate,products affecting the immune response in chronic bowel problems/antimetabolites/drugs affecting the immune response in rheumatic disease/drugs affecting the immune response for eczema and psoriasis,oral,8666111000001100,179,01050300/08010300/10010302/13050300,NA,NA,NA,NA,NA,1,NA,NA,NA,NA,NA
823,methotrexate 2.5mg tablets,methotrexate,products affecting the immune response in chronic bowel problems/antimetabolites/drugs affecting the immune response in rheumatic disease/drugs affecting the immune response for eczema and psoriasis,oral,326874007,2709099,01050300/08010300/10010302/13050300,NA,NA,NA,NA,NA,1,NA,NA,NA,NA,NA
41104,methotrexate 2.5mg tablets (wockhardt uk ltd),methotrexate,products affecting the immune response in chronic bowel problems/antimetabolites/drugs affecting the immune response in rheumatic disease/drugs affecting the immune response for eczema and psoriasis,oral,11026411e9,4,01050300/08010300/10010302/13050300,NA,NA,NA,NA,NA,1,NA,NA,NA,NA,NA
20951,methotrexate 2.5mg tablets (amco),methotrexate,products affecting the immune response in chronic bowel problems/antimetabolites/drugs affecting the immune response in rheumatic disease/drugs affecting the immune response for eczema and psoriasis,oral,683611000001105,831,01050300/08010300/10010302/13050300,NA,NA,NA,NA,NA,1,NA,NA,NA,NA,NA
17035,methotrexate 2.5mg/5ml oral suspension,methotrexate,products affecting the immune response in chronic bowel problems/antimetabolites/drugs affecting the immune response in rheumatic disease/drugs affecting the immune response for eczema and psoriasis,oral,8665711000001107,294,01050300/08010300/10010302/13050300,NA,NA,NA,NA,NA,1,NA,NA,NA,NA,NA
49951,methotrexate 2.5mg tablets (sandoz ltd),methotrexate,products affecting the immune response in chronic bowel problems/antimetabolites/drugs affecting the immune response in rheumatic disease/drugs affecting the immune response for eczema and psoriasis,oral,20310611e9,0,01050300/08010300/10010302/13050300,NA,NA,NA,NA,NA,1,NA,NA,NA,NA,NA
34929,methotrexate 10mg tablets (hospira uk ltd),methotrexate,products affecting the immune response in chronic bowel problems/antimetabolites/drugs affecting the immune response in rheumatic disease/drugs affecting the immune response for eczema and psoriasis,oral,191111000001100,155,01050300/08010300/10010302/13050300,NA,NA,NA,NA,NA,1,NA,NA,NA,NA,NA
35402,methotrexate 7.5mg/0.75ml solution for injection pre-filled syringes,methotrexate sodium,products affecting the immune response in chronic bowel problems/antimetabolites/drugs affecting the immune response in rheumatic disease/drugs affecting the immune response for eczema and psoriasis,intramuscular/subcutaneous/intravenous,10676011e9,408,01050300/08010300/10010302/13050300,NA,NA,NA,NA,NA,1,NA,NA,NA,NA,NA
70977,methotrexate 12mg/5ml oral suspension,methotrexate,products affecting the immune response in chronic bowel problems/antimetabolites/drugs affecting the immune response in rheumatic disease/drugs affecting the immune response for eczema and psoriasis,oral,12814011e9,15,01050300/08010300/10010302/13050300,NA,NA,NA,NA,NA,1,NA,NA,NA,NA,NA
14348,metoject 20mg/2ml solution for injection pre-filled syringes (medac uk),methotrexate sodium,products affecting the immune response in chronic bowel problems/antimetabolites/drugs affecting the immune response in rheumatic disease/drugs affecting the immune response for eczema and psoriasis,intramuscular/subcutaneous/intravenous,10673511e9,290,01050300/08010300/10010302/13050300,NA,NA,NA,NA,NA,1,NA,NA,NA,NA,NA
770,azathioprine capsules,azathioprine,products affecting the immune response in chronic bowel problems/antiproliferative immunosuppressants,oral,211115001e9,1121,01050300/08020100,NA,NA,NA,NA,1,NA,NA,NA,NA,NA,NA
79370,azathioprine 25mg tablet (berk pharmaceuticals ltd),azathioprine,products affecting the immune response in chronic bowel problems/antiproliferative immunosuppressants,oral,43735001e9,12,01050300/08020100,NA,NA,NA,NA,1,NA,NA,NA,NA,NA,NA
19072,oprisine 50mg tablet (opus pharmaceuticals ltd),azathioprine,products affecting the immune response in chronic bowel problems/antiproliferative immunosuppressants,oral,211835001e9,149,01050300/08020100,NA,NA,NA,NA,1,NA,NA,NA,NA,NA,NA
671,imuran 25mg tablet (wellcome medical division),azathioprine,products affecting the immune response in chronic bowel problems/antiproliferative immunosuppressants,oral,75265001e9,7219,01050300/08020100,NA,NA,NA,NA,1,NA,NA,NA,NA,NA,NA
26261,berkaprine 50mg tablet (rorer pharmaceuticals ltd),azathioprine,products affecting the immune response in chronic bowel problems/antiproliferative immunosuppressants,oral,156305001e9,39,01050300/08020100,NA,NA,NA,NA,1,NA,NA,NA,NA,NA,NA
75012,azathioprine 50mg tablet (berk pharmaceuticals ltd),azathioprine,products affecting the immune response in chronic bowel problems/antiproliferative immunosuppressants,oral,43725001e9,147,01050300/08020100,NA,NA,NA,NA,1,NA,NA,NA,NA,NA,NA
30495,imuran 10mg tablet (wellcome medical division),azathioprine,products affecting the immune response in chronic bowel problems/antiproliferative immunosuppressants,oral,75285001e9,41,01050300/08020100,NA,NA,NA,NA,1,NA,NA,NA,NA,NA,NA
12339,azamune 50mg tablet (penn pharmaceuticals ltd),azathioprine,products affecting the immune response in chronic bowel problems/antiproliferative immunosuppressants,oral,95065001e9,147,01050300/08020100,NA,NA,NA,NA,1,NA,NA,NA,NA,NA,NA
55858,azathioprine oral solution,azathioprine,products affecting the immune response in chronic bowel problems/antiproliferative immunosuppressants,NA,243415001e9,2,01050300/08020100,NA,NA,NA,NA,1,NA,NA,NA,NA,NA,NA
41670,azathioprine 50mg tablet (c p pharmaceuticals ltd),azathioprine,products affecting the immune response in chronic bowel problems/antiproliferative immunosuppressants,oral,6515001000027107,7,01050300/08020100,NA,NA,NA,NA,1,NA,NA,NA,NA,NA,NA
13320,azathioprine 10mg tablets,azathioprine,products affecting the immune response in chronic bowel problems/antiproliferative immunosuppressants,oral,92455001e9,487,01050300/08020100,NA,NA,NA,NA,1,NA,NA,NA,NA,NA,NA
1899,imuran 50mg tablet (wellcome medical division),azathioprine,products affecting the immune response in chronic bowel problems/antiproliferative immunosuppressants,oral,75275001e9,31445,01050300/08020100,NA,NA,NA,NA,1,NA,NA,NA,NA,NA,NA
79083,azathioprine 50mg tablet (celltech pharma europe ltd),azathioprine,products affecting the immune response in chronic bowel problems/antiproliferative immunosuppressants,oral,6455001000027105,1,01050300/08020100,NA,NA,NA,NA,1,NA,NA,NA,NA,NA,NA
451,azathioprine 25mg tablets,azathioprine,products affecting the immune response in chronic bowel problems/antiproliferative immunosuppressants/drugs affecting the immune response in rheumatic disease,oral,327071005,395500,01050300/08020100/10010302,NA,NA,NA,NA,1,NA,NA,NA,NA,NA,NA
52921,azathioprine 125mg/5ml oral suspension,azathioprine,products affecting the immune response in chronic bowel problems/antiproliferative immunosuppressants/drugs affecting the immune response in rheumatic disease,oral,12080511e9,86,01050300/08020100/10010302,NA,NA,NA,NA,1,NA,NA,NA,NA,NA,NA
41620,azathioprine 50mg tablets (teva uk ltd),azathioprine,products affecting the immune response in chronic bowel problems/antiproliferative immunosuppressants/drugs affecting the immune response in rheumatic disease,oral,715511000001100,360,01050300/08020100/10010302,NA,NA,NA,NA,1,NA,NA,NA,NA,NA,NA
53869,azathioprine 20mg/5ml oral solution,azathioprine,products affecting the immune response in chronic bowel problems/antiproliferative immunosuppressants/drugs affecting the immune response in rheumatic disease,oral,8283811000001103,2,01050300/08020100/10010302,NA,NA,NA,NA,1,NA,NA,NA,NA,NA,NA
65339,azapress 50mg tablets (ennogen pharma ltd),azathioprine,products affecting the immune response in chronic bowel problems/antiproliferative immunosuppressants/drugs affecting the immune response in rheumatic disease,oral,26658011e9,1,01050300/08020100/10010302,NA,NA,NA,NA,1,NA,NA,NA,NA,NA,NA
66003,azathioprine 25mg tablets (mawdsley-brooks & company ltd),azathioprine,products affecting the immune response in chronic bowel problems/antiproliferative immunosuppressants/drugs affecting the immune response in rheumatic disease,oral,29997811e9,0,01050300/08020100/10010302,NA,NA,NA,NA,1,NA,NA,NA,NA,NA,NA
73814,azathioprine 50mg tablets (de pharmaceuticals),azathioprine,products affecting the immune response in chronic bowel problems/antiproliferative immunosuppressants/drugs affecting the immune response in rheumatic disease,oral,22615211e9,0,01050300/08020100/10010302,NA,NA,NA,NA,1,NA,NA,NA,NA,NA,NA
61160,azathioprine 50mg tablets (tillomed laboratories ltd),azathioprine,products affecting the immune response in chronic bowel problems/antiproliferative immunosuppressants/drugs affecting the immune response in rheumatic disease,oral,13740911e9,0,01050300/08020100/10010302,NA,NA,NA,NA,1,NA,NA,NA,NA,NA,NA
34687,azathioprine 50mg tablets (a a h pharmaceuticals ltd),azathioprine,products affecting the immune response in chronic bowel problems/antiproliferative immunosuppressants/drugs affecting the immune response in rheumatic disease,oral,41911000001104,127,01050300/08020100/10010302,NA,NA,NA,NA,1,NA,NA,NA,NA,NA,NA
43562,azathioprine 50mg tablets (actavis uk ltd),azathioprine,products affecting the immune response in chronic bowel problems/antiproliferative immunosuppressants/drugs affecting the immune response in rheumatic disease,oral,339911000001103,9,01050300/08020100/10010302,NA,NA,NA,NA,1,NA,NA,NA,NA,NA,NA
59006,azathioprine 25mg tablets (kent pharmaceuticals ltd),azathioprine,products affecting the immune response in chronic bowel problems/antiproliferative immunosuppressants/drugs affecting the immune response in rheumatic disease,oral,338311000001105,0,01050300/08020100/10010302,NA,NA,NA,NA,1,NA,NA,NA,NA,NA,NA
80733,azathioprine 200mg/5ml oral solution,azathioprine,products affecting the immune response in chronic bowel problems/antiproliferative immunosuppressants/drugs affecting the immune response in rheumatic disease,oral,12097011e9,1,01050300/08020100/10010302,NA,NA,NA,NA,1,NA,NA,NA,NA,NA,NA
77123,azathioprine 35mg/5ml oral solution,azathioprine,products affecting the immune response in chronic bowel problems/antiproliferative immunosuppressants/drugs affecting the immune response in rheumatic disease,oral,12097211e9,1,01050300/08020100/10010302,NA,NA,NA,NA,1,NA,NA,NA,NA,NA,NA
75063,azathioprine 10mg/5ml oral solution,azathioprine,products affecting the immune response in chronic bowel problems/antiproliferative immunosuppressants/drugs affecting the immune response in rheumatic disease,oral,8282111000001104,1,01050300/08020100/10010302,NA,NA,NA,NA,1,NA,NA,NA,NA,NA,NA
68643,azathioprine 175mg/5ml oral suspension,azathioprine,products affecting the immune response in chronic bowel problems/antiproliferative immunosuppressants/drugs affecting the immune response in rheumatic disease,oral,12080711e9,6,01050300/08020100/10010302,NA,NA,NA,NA,1,NA,NA,NA,NA,NA,NA
42988,imuran 50mg tablets (aspen pharma trading ltd),azathioprine,products affecting the immune response in chronic bowel problems/antiproliferative immunosuppressants/drugs affecting the immune response in rheumatic disease,oral,675711000001108,26904,01050300/08020100/10010302,NA,NA,NA,NA,1,NA,NA,NA,NA,NA,NA
36792,azathioprine 250mg/5ml oral solution,azathioprine,products affecting the immune response in chronic bowel problems/antiproliferative immunosuppressants/drugs affecting the immune response in rheumatic disease,oral,16035911e9,104,01050300/08020100/10010302,NA,NA,NA,NA,1,NA,NA,NA,NA,NA,NA
63121,azathioprine 25mg tablets (alliance healthcare (distribution) ltd),azathioprine,products affecting the immune response in chronic bowel problems/antiproliferative immunosuppressants/drugs affecting the immune response in rheumatic disease,oral,611111000001100,0,01050300/08020100/10010302,NA,NA,NA,NA,1,NA,NA,NA,NA,NA,NA
78478,azathioprine 150mg/5ml oral suspension,azathioprine,products affecting the immune response in chronic bowel problems/antiproliferative immunosuppressants/drugs affecting the immune response in rheumatic disease,oral,8283011000001109,1,01050300/08020100/10010302,NA,NA,NA,NA,1,NA,NA,NA,NA,NA,NA
31215,azathioprine 50mg tablets (kent pharmaceuticals ltd),azathioprine,products affecting the immune response in chronic bowel problems/antiproliferative immunosuppressants/drugs affecting the immune response in rheumatic disease,oral,863111000001105,34,01050300/08020100/10010302,NA,NA,NA,NA,1,NA,NA,NA,NA,NA,NA
80938,azathioprine 37.5mg/5ml oral solution,azathioprine,products affecting the immune response in chronic bowel problems/antiproliferative immunosuppressants/drugs affecting the immune response in rheumatic disease,oral,12211711e9,9,01050300/08020100/10010302,NA,NA,NA,NA,1,NA,NA,NA,NA,NA,NA
77940,azathioprine 25mg tablets (phoenix healthcare distribution ltd),azathioprine,products affecting the immune response in chronic bowel problems/antiproliferative immunosuppressants/drugs affecting the immune response in rheumatic disease,oral,17789111e9,0,01050300/08020100/10010302,NA,NA,NA,NA,1,NA,NA,NA,NA,NA,NA
55773,azathioprine 10mg/5ml oral suspension,azathioprine,products affecting the immune response in chronic bowel problems/antiproliferative immunosuppressants/drugs affecting the immune response in rheumatic disease,oral,8282211000001105,19,01050300/08020100/10010302,NA,NA,NA,NA,1,NA,NA,NA,NA,NA,NA
34451,azathioprine 50mg tablets (generics (uk) ltd),azathioprine,products affecting the immune response in chronic bowel problems/antiproliferative immunosuppressants/drugs affecting the immune response in rheumatic disease,oral,843311000001103,50,01050300/08020100/10010302,NA,NA,NA,NA,1,NA,NA,NA,NA,NA,NA
54982,azathioprine 20mg/5ml oral suspension,azathioprine,products affecting the immune response in chronic bowel problems/antiproliferative immunosuppressants/drugs affecting the immune response in rheumatic disease,oral,8283911000001108,73,01050300/08020100/10010302,NA,NA,NA,NA,1,NA,NA,NA,NA,NA,NA
58654,azathioprine 50mg tablets (sandoz ltd),azathioprine,products affecting the immune response in chronic bowel problems/antiproliferative immunosuppressants/drugs affecting the immune response in rheumatic disease,oral,428011000001101,20,01050300/08020100/10010302,NA,NA,NA,NA,1,NA,NA,NA,NA,NA,NA
35518,azathioprine 50mg/5ml oral suspension,azathioprine,products affecting the immune response in chronic bowel problems/antiproliferative immunosuppressants/drugs affecting the immune response in rheumatic disease,oral,8308411000001102,1490,01050300/08020100/10010302,NA,NA,NA,NA,1,NA,NA,NA,NA,NA,NA
75698,azathioprine 50mg tablets (phoenix healthcare distribution ltd),azathioprine,products affecting the immune response in chronic bowel problems/antiproliferative immunosuppressants/drugs affecting the immune response in rheumatic disease,oral,17790011e9,0,01050300/08020100/10010302,NA,NA,NA,NA,1,NA,NA,NA,NA,NA,NA
72980,azathioprine 25mg/5ml oral suspension,azathioprine,products affecting the immune response in chronic bowel problems/antiproliferative immunosuppressants/drugs affecting the immune response in rheumatic disease,oral,8284111000001107,50,01050300/08020100/10010302,NA,NA,NA,NA,1,NA,NA,NA,NA,NA,NA
68977,azathioprine 25mg tablets (sigma pharmaceuticals plc),azathioprine,products affecting the immune response in chronic bowel problems/antiproliferative immunosuppressants/drugs affecting the immune response in rheumatic disease,oral,15070411e9,0,01050300/08020100/10010302,NA,NA,NA,NA,1,NA,NA,NA,NA,NA,NA
32101,azathioprine 25mg tablets (a a h pharmaceuticals ltd),azathioprine,products affecting the immune response in chronic bowel problems/antiproliferative immunosuppressants/drugs affecting the immune response in rheumatic disease,oral,744711000001104,51,01050300/08020100/10010302,NA,NA,NA,NA,1,NA,NA,NA,NA,NA,NA
34816,azathioprine 25mg tablets (generics (uk) ltd),azathioprine,products affecting the immune response in chronic bowel problems/antiproliferative immunosuppressants/drugs affecting the immune response in rheumatic disease,oral,544611000001107,146,01050300/08020100/10010302,NA,NA,NA,NA,1,NA,NA,NA,NA,NA,NA
39115,azathioprine 10mg capsules,azathioprine,products affecting the immune response in chronic bowel problems/antiproliferative immunosuppressants/drugs affecting the immune response in rheumatic disease,oral,8791311000001100,142,01050300/08020100/10010302,NA,NA,NA,NA,1,NA,NA,NA,NA,NA,NA
51181,azathioprine 60mg/5ml oral solution,azathioprine,products affecting the immune response in chronic bowel problems/antiproliferative immunosuppressants/drugs affecting the immune response in rheumatic disease,oral,8308111000001107,1,01050300/08020100/10010302,NA,NA,NA,NA,1,NA,NA,NA,NA,NA,NA
571,azathioprine 50mg tablets,azathioprine,products affecting the immune response in chronic bowel problems/antiproliferative immunosuppressants/drugs affecting the immune response in rheumatic disease,oral,327070006,1433774,01050300/08020100/10010302,NA,NA,NA,NA,1,NA,NA,NA,NA,NA,NA
22982,azathioprine 50mg/5ml oral solution,azathioprine,products affecting the immune response in chronic bowel problems/antiproliferative immunosuppressants/drugs affecting the immune response in rheumatic disease,oral,8308511000001103,2324,01050300/08020100/10010302,NA,NA,NA,NA,1,NA,NA,NA,NA,NA,NA
79321,azathioprine 50mg tablets (mawdsley-brooks & company ltd),azathioprine,products affecting the immune response in chronic bowel problems/antiproliferative immunosuppressants/drugs affecting the immune response in rheumatic disease,oral,29998111e9,0,01050300/08020100/10010302,NA,NA,NA,NA,1,NA,NA,NA,NA,NA,NA
43077,imuran 25mg tablets (aspen pharma trading ltd),azathioprine,products affecting the immune response in chronic bowel problems/antiproliferative immunosuppressants/drugs affecting the immune response in rheumatic disease,oral,284711000001102,8944,01050300/08020100/10010302,NA,NA,NA,NA,1,NA,NA,NA,NA,NA,NA
67421,azathioprine 100mg/5ml oral suspension,azathioprine,products affecting the immune response in chronic bowel problems/antiproliferative immunosuppressants/drugs affecting the immune response in rheumatic disease,oral,8282011000001100,32,01050300/08020100/10010302,NA,NA,NA,NA,1,NA,NA,NA,NA,NA,NA
47377,ciclosporin 25mg capsule (hillcross pharmaceuticals ltd),ciclosporin,products affecting the immune response in chronic bowel problems/corticosteroids and other immunosuppressants,oral,203095001e9,3,01050300/08020200,NA,NA,NA,NA,NA,NA,1,NA,NA,NA,NA
47042,ciclosporin 100mg capsule (hillcross pharmaceuticals ltd),ciclosporin,products affecting the immune response in chronic bowel problems/corticosteroids and other immunosuppressants,oral,203115001e9,10,01050300/08020200,NA,NA,NA,NA,NA,NA,1,NA,NA,NA,NA
81022,methofill 17.5mg/0.35ml solution for injection pre-filled syringes (accord healthcare ltd),methotrexate sodium,products affecting the immune response in chronic bowel problems/cytotoxic drugs/drugs affecting the immune response in rheumatic disease/drugs affecting the immune response for eczema and psoriasis,intramuscular/intravenous/subcutaneous,37571911e9,2,01050300/08010000/10010302/13050300,NA,NA,NA,NA,NA,1,NA,NA,NA,NA,NA
40281,methotrexate 15mg/0.3ml solution for injection pre-filled syringes,methotrexate sodium,products affecting the immune response in chronic bowel problems/cytotoxic drugs/drugs affecting the immune response in rheumatic disease/drugs affecting the immune response for eczema and psoriasis,intravenous/intramuscular/subcutaneous,15518011e9,7188,01050300/08010000/10010302/13050300,NA,NA,NA,NA,NA,1,NA,NA,NA,NA,NA
80397,methofill 10mg/0.2ml solution for injection pre-filled syringes (accord healthcare ltd),methotrexate sodium,products affecting the immune response in chronic bowel problems/cytotoxic drugs/drugs affecting the immune response in rheumatic disease/drugs affecting the immune response for eczema and psoriasis,subcutaneous/intravenous/intramuscular,37571311e9,2,01050300/08010000/10010302/13050300,NA,NA,NA,NA,NA,1,NA,NA,NA,NA,NA
40284,metoject 15mg/0.3ml solution for injection pre-filled syringes (medac uk),methotrexate sodium,products affecting the immune response in chronic bowel problems/cytotoxic drugs/drugs affecting the immune response in rheumatic disease/drugs affecting the immune response for eczema and psoriasis,intravenous/intramuscular/subcutaneous,15513711e9,5575,01050300/08010000/10010302/13050300,NA,NA,NA,NA,NA,1,NA,NA,NA,NA,NA
40293,metoject 25mg/0.5ml solution for injection pre-filled syringes (medac uk),methotrexate sodium,products affecting the immune response in chronic bowel problems/cytotoxic drugs/drugs affecting the immune response in rheumatic disease/drugs affecting the immune response for eczema and psoriasis,intramuscular/intravenous/subcutaneous,15514011e9,4514,01050300/08010000/10010302/13050300,NA,NA,NA,NA,NA,1,NA,NA,NA,NA,NA
46129,methotrexate 22.5mg/0.45ml solution for injection pre-filled syringes,methotrexate sodium,products affecting the immune response in chronic bowel problems/cytotoxic drugs/drugs affecting the immune response in rheumatic disease/drugs affecting the immune response for eczema and psoriasis,intravenous/subcutaneous/intramuscular,19231511e9,128,01050300/08010000/10010302/13050300,NA,NA,NA,NA,NA,1,NA,NA,NA,NA,NA
80285,methofill 12.5mg/0.25ml solution for injection pre-filled syringes (accord healthcare ltd),methotrexate sodium,products affecting the immune response in chronic bowel problems/cytotoxic drugs/drugs affecting the immune response in rheumatic disease/drugs affecting the immune response for eczema and psoriasis,subcutaneous/intravenous/intramuscular,37571511e9,1,01050300/08010000/10010302/13050300,NA,NA,NA,NA,NA,1,NA,NA,NA,NA,NA
46265,metoject 17.5mg/0.35ml solution for injection pre-filled syringes (medac uk),methotrexate sodium,products affecting the immune response in chronic bowel problems/cytotoxic drugs/drugs affecting the immune response in rheumatic disease/drugs affecting the immune response for eczema and psoriasis,intramuscular/intravenous/subcutaneous,19225111e9,503,01050300/08010000/10010302/13050300,NA,NA,NA,NA,NA,1,NA,NA,NA,NA,NA
40371,methotrexate 10mg/0.2ml solution for injection pre-filled syringes,methotrexate sodium,products affecting the immune response in chronic bowel problems/cytotoxic drugs/drugs affecting the immune response in rheumatic disease/drugs affecting the immune response for eczema and psoriasis,subcutaneous/intravenous/intramuscular,15517911e9,4235,01050300/08010000/10010302/13050300,NA,NA,NA,NA,NA,1,NA,NA,NA,NA,NA
50950,metoject 30mg/0.6ml solution for injection pre-filled syringes (medac uk),methotrexate,products affecting the immune response in chronic bowel problems/cytotoxic drugs/drugs affecting the immune response in rheumatic disease/drugs affecting the immune response for eczema and psoriasis,intramuscular/subcutaneous/intravenous,18208411e9,44,01050300/08010000/10010302/13050300,NA,NA,NA,NA,NA,1,NA,NA,NA,NA,NA
46197,metoject 22.5mg/0.45ml solution for injection pre-filled syringes (medac uk),methotrexate sodium,products affecting the immune response in chronic bowel problems/cytotoxic drugs/drugs affecting the immune response in rheumatic disease/drugs affecting the immune response for eczema and psoriasis,intravenous/subcutaneous/intramuscular,19225411e9,243,01050300/08010000/10010302/13050300,NA,NA,NA,NA,NA,1,NA,NA,NA,NA,NA
40301,methotrexate 7.5mg/0.15ml solution for injection pre-filled syringes,methotrexate sodium,products affecting the immune response in chronic bowel problems/cytotoxic drugs/drugs affecting the immune response in rheumatic disease/drugs affecting the immune response for eczema and psoriasis,subcutaneous/intramuscular/intravenous,15518311e9,1496,01050300/08010000/10010302/13050300,NA,NA,NA,NA,NA,1,NA,NA,NA,NA,NA
80123,methofill 20mg/0.4ml solution for injection pre-filled syringes (accord healthcare ltd),methotrexate sodium,products affecting the immune response in chronic bowel problems/cytotoxic drugs/drugs affecting the immune response in rheumatic disease/drugs affecting the immune response for eczema and psoriasis,intramuscular/intravenous/subcutaneous,37572311e9,4,01050300/08010000/10010302/13050300,NA,NA,NA,NA,NA,1,NA,NA,NA,NA,NA
44908,methotrexate 30mg/0.6ml solution for injection pre-filled syringes,methotrexate,products affecting the immune response in chronic bowel problems/cytotoxic drugs/drugs affecting the immune response in rheumatic disease/drugs affecting the immune response for eczema and psoriasis,intramuscular/subcutaneous/intravenous,18245711e9,56,01050300/08010000/10010302/13050300,NA,NA,NA,NA,NA,1,NA,NA,NA,NA,NA
40273,methotrexate 20mg/0.4ml solution for injection pre-filled syringes,methotrexate sodium,products affecting the immune response in chronic bowel problems/cytotoxic drugs/drugs affecting the immune response in rheumatic disease/drugs affecting the immune response for eczema and psoriasis,intramuscular/intravenous/subcutaneous,15518111e9,9489,01050300/08010000/10010302/13050300,NA,NA,NA,NA,NA,1,NA,NA,NA,NA,NA
46152,methotrexate 12.5mg/0.25ml solution for injection pre-filled syringes,methotrexate sodium,products affecting the immune response in chronic bowel problems/cytotoxic drugs/drugs affecting the immune response in rheumatic disease/drugs affecting the immune response for eczema and psoriasis,subcutaneous/intravenous/intramuscular,19231311e9,779,01050300/08010000/10010302/13050300,NA,NA,NA,NA,NA,1,NA,NA,NA,NA,NA
79572,methofill 15mg/0.3ml solution for injection pre-filled syringes (accord healthcare ltd),methotrexate sodium,products affecting the immune response in chronic bowel problems/cytotoxic drugs/drugs affecting the immune response in rheumatic disease/drugs affecting the immune response for eczema and psoriasis,intravenous/intramuscular/subcutaneous,37571711e9,4,01050300/08010000/10010302/13050300,NA,NA,NA,NA,NA,1,NA,NA,NA,NA,NA
40280,metoject 7.5mg/0.15ml solution for injection pre-filled syringes (medac uk),methotrexate sodium,products affecting the immune response in chronic bowel problems/cytotoxic drugs/drugs affecting the immune response in rheumatic disease/drugs affecting the immune response for eczema and psoriasis,subcutaneous/intramuscular/intravenous,15513111e9,1215,01050300/08010000/10010302/13050300,NA,NA,NA,NA,NA,1,NA,NA,NA,NA,NA
40328,methotrexate 25mg/0.5ml solution for injection pre-filled syringes,methotrexate sodium,products affecting the immune response in chronic bowel problems/cytotoxic drugs/drugs affecting the immune response in rheumatic disease/drugs affecting the immune response for eczema and psoriasis,intramuscular/intravenous/subcutaneous,15518211e9,4780,01050300/08010000/10010302/13050300,NA,NA,NA,NA,NA,1,NA,NA,NA,NA,NA
46098,metoject 12.5mg/0.25ml solution for injection pre-filled syringes (medac uk),methotrexate sodium,products affecting the immune response in chronic bowel problems/cytotoxic drugs/drugs affecting the immune response in rheumatic disease/drugs affecting the immune response for eczema and psoriasis,subcutaneous/intravenous/intramuscular,19224611e9,1087,01050300/08010000/10010302/13050300,NA,NA,NA,NA,NA,1,NA,NA,NA,NA,NA
40292,metoject 20mg/0.4ml solution for injection pre-filled syringes (medac uk),methotrexate sodium,products affecting the immune response in chronic bowel problems/cytotoxic drugs/drugs affecting the immune response in rheumatic disease/drugs affecting the immune response for eczema and psoriasis,intramuscular/intravenous/subcutaneous,15514311e9,7064,01050300/08010000/10010302/13050300,NA,NA,NA,NA,NA,1,NA,NA,NA,NA,NA
79557,methofill 25mg/0.5ml solution for injection pre-filled syringes (accord healthcare ltd),methotrexate sodium,products affecting the immune response in chronic bowel problems/cytotoxic drugs/drugs affecting the immune response in rheumatic disease/drugs affecting the immune response for eczema and psoriasis,intramuscular/intravenous/subcutaneous,37572711e9,7,01050300/08010000/10010302/13050300,NA,NA,NA,NA,NA,1,NA,NA,NA,NA,NA
46156,methotrexate 17.5mg/0.35ml solution for injection pre-filled syringes,methotrexate sodium,products affecting the immune response in chronic bowel problems/cytotoxic drugs/drugs affecting the immune response in rheumatic disease/drugs affecting the immune response for eczema and psoriasis,intramuscular/intravenous/subcutaneous,19231411e9,607,01050300/08010000/10010302/13050300,NA,NA,NA,NA,NA,1,NA,NA,NA,NA,NA
40356,metoject 10mg/0.2ml solution for injection pre-filled syringes (medac uk),methotrexate sodium,products affecting the immune response in chronic bowel problems/drugs affecting the immune response in rheumatic disease/drugs affecting the immune response for eczema and psoriasis,subcutaneous/intravenous/intramuscular,15513411e9,2983,01050300/10010302/13050300,NA,NA,NA,NA,NA,1,NA,NA,NA,NA,NA
57103,metoject 27.5mg/0.55ml solution for injection pre-filled syringes (medac uk),methotrexate sodium,products affecting the immune response in chronic bowel problems/drugs affecting the immune response in rheumatic disease/drugs affecting the immune response for eczema and psoriasis,intravenous/intramuscular/subcutaneous,19225811e9,14,01050300/10010302/13050300,NA,NA,NA,NA,NA,1,NA,NA,NA,NA,NA
27579,methotrexate,NA,unknown,NA,NA,0,00000000,NA,NA,NA,NA,NA,1,NA,NA,NA,NA,NA
1901,imuran 10 mg tab,NA,unknown,NA,144515001e9,236,00000000,NA,NA,NA,NA,1,NA,NA,NA,NA,NA,NA
21889,methotrexate 25mg/1ml,NA,unknown,NA,NA,8,00000000,NA,NA,NA,NA,NA,1,NA,NA,NA,NA,NA
15556,azathioprine 125 mg tab,NA,unknown,NA,156415001e9,152,00000000,NA,NA,NA,NA,1,NA,NA,NA,NA,NA,NA
8776,azathioprine 100 mg tab,NA,unknown,NA,171285001e9,693,00000000,NA,NA,NA,NA,1,NA,NA,NA,NA,NA,NA
17206,azathioprine 50 mg sus,NA,unknown,NA,162585001e9,89,00000000,NA,NA,NA,NA,1,NA,NA,NA,NA,NA,NA
53956,azathioprine 50mg tablets (almus pharmaceuticals ltd),azathioprine,unknown,oral,18497511e9,0,00000000,NA,NA,NA,NA,1,NA,NA,NA,NA,NA,NA
3918,azathioprine 10 mg tab,NA,unknown,NA,156405001e9,439,00000000,NA,NA,NA,NA,1,NA,NA,NA,NA,NA,NA
